Vehicle_ID,Fuel_Consumption_L,Distance_Travelled_KM,Average_Speed_KMH,Traffic_Congestion_Level,Engine_Temperature_C,Brake_Wear_Level_%,Tire_Pressure_PSI,Vibration_Level_G,Maintenance_Flag,CO2_Emissions_KG
4237,210.31245257170104,4973.5115173875065,75.5481756877996,3.1573817041820025,85.48409791564757,50.31096722660842,41.49506753500792,3.4261282384078546,0,563.6373728921589
4862,129.74677559545643,2461.7323154493893,115.51967253684892,4.3534459321937184,77.25163668749443,22.777292174711565,36.148682633014346,1.9061974676428468,0,347.72135859582323
1058,362.8039171755953,3804.4207846929776,43.82710500056311,3.0730854889211607,106.84025533604995,28.165993981287833,30.616517502626785,2.066135687187138,0,972.3144980305955
5938,327.3082921987755,2316.338771751544,108.01375561640381,6.0490615277342865,100.0693492990893,68.1128577602889,43.17158915044516,2.6906318464245955,0,877.1862230927185
3971,267.29534035212964,311.53442522841306,119.80660743567779,2.2104109584595206,102.77267282467821,89.90574569298028,42.696552586355104,4.903602776867182,0,716.3515121437075
9314,225.6466006676996,1617.0436509189503,110.95536887062939,3.881675974636498,70.43345449225656,29.58598069674138,28.832404012884684,4.844489993324197,0,604.7328897894349
4345,459.0781443035292,1668.539690928916,104.83492684925002,9.22100228628031,116.37585078539124,56.08714299734652,47.86879578563507,2.373174497120338,1,1230.3294267334584
3486,63.105703245097374,4207.929229840178,69.94447947250598,4.683029321726163,73.3145093723275,92.8703123845155,26.610127900376078,1.6947464774822698,1,169.12328469686096
1561,396.0984845782846,3305.7268921993846,58.50513458098348,7.734103448441583,88.34029425700028,85.14407869372702,26.375942722317905,1.861664686988521,0,1061.5439386698029
4981,455.8593072869999,1449.606527833417,98.78804163996809,2.021159725359166,90.13558248258501,61.573431717274396,29.683760441560676,1.7095158417272185,0,1221.70294352916
7261,250.8595607434667,4841.925777829521,64.36602930308547,3.228080573276062,70.06777622489744,81.72571514630647,47.73651995121928,2.895106132138013,1,672.3036227924907
2737,297.81072116179104,1675.5549787495697,54.08317457239765,8.266110590803317,94.85446546753985,61.81550192356296,37.999953100923044,3.2308691351041783,1,798.1327327136
4554,475.00865954691704,4991.34672656073,102.9220709682873,7.866936426607247,107.6404497255505,32.6473869826279,44.698523016822506,2.6995072470334973,1,1273.0232075857377
8095,145.5248818784815,4981.20209653429,65.00349217893778,4.47540326734439,111.1634326557386,29.978889057734328,30.696079701912517,2.3359746301166853,1,390.00668343433045
9266,284.0606815031082,1036.931536959035,113.15533835898707,9.589572118301268,113.96984966529422,35.06945856536558,37.25554936634352,1.4507826690647199,1,761.28262642833
1294,263.62450720769584,1632.4314693231609,107.25061158553002,9.195787142510909,94.38594341576848,48.07376759725436,33.957236590597056,2.6712751612195103,1,706.5136793166249
9212,166.27669154166654,2481.6165725748056,107.81122636074042,9.66070674201016,101.53180952648252,94.4423414139215,45.695715176654815,2.0349622121110613,0,445.62153333166634
6330,418.3669536678986,3354.0932886246655,101.7255780844661,4.851232211690069,73.97598566482493,83.97427309228812,25.565110983980667,2.937179582592543,1,1121.2234358299684
5655,454.82026764345613,2687.4325001186166,110.47051390197893,2.777262253171147,94.40191121408749,54.6241248981054,31.096068249152633,3.5383523698023076,1,1218.9183172844625
2109,401.869660904694,4850.263198748058,104.4597513742496,6.639927751822069,77.74078774358676,59.44613678300592,28.81435560755947,3.349904784964748,1,1077.01069122458
4771,137.91153238187377,3647.546904754888,88.2009090859783,7.162958424512786,88.48215588112608,41.24875661331319,46.47972596803923,2.58120594682517,0,369.6029067834217
9563,89.03688597562171,1139.0197619765745,63.66581748654905,2.12897606005468,86.46526564322997,76.3482365177704,36.68859624234415,3.002235909259824,1,238.6188544146662
7123,322.45001838740404,614.9779960468277,111.05673545713192,8.078347308663155,91.17702886207542,84.22125371696305,35.105501097330404,1.7818525893234185,1,864.1660492782429
8647,75.69264222944777,3473.166324475848,107.24828982185535,1.1625419778396449,98.58183089870663,39.112375653406126,36.237069052527,0.6090811656007535,1,202.85628117492004
2174,352.7716498511379,876.4169568857386,77.83034577684361,5.34455548729105,115.14383235314979,23.345729902917228,49.29811376755838,3.3125875437564685,0,945.4280216010496
2164,288.6908991472592,3959.6165176451955,43.126294880156415,3.979146335454054,89.72423156737527,69.91111545303764,46.2566848583981,1.6365585161195912,1,773.6916097146546
9712,348.2535797346486,1624.0796695756512,91.08349819215307,7.662727539091756,119.05655978557753,65.00096953082533,42.65921929625769,3.5102916953072354,1,933.3195936888583
5466,315.5768481423848,1701.7769889724718,44.047748294126535,3.8148465467963435,107.95140240256015,52.17049240231012,32.26197398058137,3.861538248186317,0,845.7459530215913
6538,240.21615628722776,152.91212270860865,114.10239694787258,8.441264015029295,95.57405233941915,71.5115153418568,29.129324987961194,4.621674857467015,1,643.7792988497704
8111,140.3947310631027,3534.9552087656994,116.93050053002456,6.354581399027295,102.2013218555972,64.04906383881149,48.03584072561134,4.811552579658258,1,376.25787924911526
9434,187.56596111471984,655.0217900169604,55.159211671968336,8.145040255858648,75.11120855659722,40.04652612753542,35.57688806991207,0.5473672083936565,0,502.67677578744923
3800,286.0252583985394,3887.1148295712387,94.1111502443928,9.904065740556614,112.22607656568275,51.81831804981779,31.96889498671573,4.956683942095868,1,766.5476925080857
5607,343.3406421414227,2510.1523273943135,47.38152036502102,7.112425111692011,99.1178727531983,54.24908557977933,36.773020660440885,3.5735824332237245,1,920.1529209390128
8262,400.7673575980378,3942.9710932773887,98.36135428584977,9.864552847254798,119.3033740104801,90.4198395580451,47.9461855705088,3.395858721683852,0,1074.0565183627414
2541,395.2268233020774,2961.2400420689323,67.78301329221397,1.2595269422953481,101.82143718764246,96.87233233031675,34.676682834782326,0.5684589283790993,0,1059.2078864495675
3765,487.7099344674884,503.9230328930547,94.48400893843562,4.043259896354276,111.70557916331626,91.44010899171977,39.066024931202485,4.375550353490318,1,1307.0626243728689
5491,178.62865189853426,3851.696449855397,69.83012073617422,1.9706793810607823,109.98813713976199,77.53424192415837,45.07415752771417,1.1547115126152185,0,478.7247870880718
4083,81.99981869604656,442.01747598427374,51.64540078665886,3.360744382459956,87.27305757341344,66.79941868846575,35.67831327620978,4.2679856926986846,0,219.7595141054048
6356,205.54562099383668,2445.638430789728,72.48879844020463,8.54999109213197,82.98053126166059,75.1409308372764,30.838545048159208,0.5700314581642221,1,550.8622642634823
2857,384.4825138508345,944.5111493103201,49.0138821307832,1.2909093879348128,91.5246791715755,95.12873765861512,49.86314370957584,3.4068391812462258,0,1030.4131371202366
1769,247.15024296498282,3786.442372091636,86.15066199815567,5.681646421591544,93.36206722044186,39.99989881790654,48.91427143630399,2.456606901964225,0,662.362651146154
2422,418.00479376523873,4566.7970162500205,43.27612257195838,6.1041583677913565,82.00423509683219,62.80964061387239,46.08697922813785,1.4034502807670082,1,1120.2528472908398
9598,297.19686433370674,2815.218200455544,82.18557436798878,6.050360320047605,114.7298936675486,75.16864152003264,42.209346984648064,0.9840262629669535,1,796.4875964143341
3972,468.40627518372634,2683.0217420659847,110.90949176764327,5.277673664409301,97.1273931150323,74.33976010594196,32.37164070174242,2.4805746344584687,1,1255.3288174923866
2872,476.538548899581,3843.419661995528,107.02986160954902,8.115426682927797,118.92221960767847,40.18231676614691,47.8353234541008,1.0548761239464115,1,1277.1233110508772
6599,81.18702770843691,124.88618358106332,110.62253597011974,2.20188780554996,110.50088890231316,66.93852219118014,31.88891675303072,2.6890097526097136,1,217.58123425861095
3269,255.38604787059094,4597.017348912287,113.76390417016859,3.7951931399570857,97.7852430195973,83.67305139361251,45.02023736692081,3.3134767639378353,0,684.4346082931837
6275,324.3600775623056,1067.4992037465454,48.36223103005554,6.541534481006554,117.35201390721795,58.00631840401951,47.956454198532654,4.223228871233111,1,869.2850078669791
5749,165.14264336549576,4922.182530748562,50.29977623005705,7.218562296411602,95.24374075476535,83.46384613589879,40.075096010747785,3.5539224673229,0,442.5822842195287
7571,233.1845507205411,3707.6443450062648,84.56054450505029,4.637335885993506,114.35532562593352,48.790607820364386,45.07640544727947,0.793398950177677,0,624.9345959310501
6072,354.95669350296424,3893.830623733288,111.51781347395433,8.878341369945097,87.90723905979027,95.10081017310071,44.79237748004367,1.8834463964652675,1,951.2839385879442
6463,152.03040210426263,3315.394603830672,117.94795652192246,4.739440570263229,88.9321191702047,62.714275239928085,29.828943778024495,1.795903735696252,0,407.4414776394239
8450,320.8916088385036,2411.1495956472854,43.700953387199995,4.624985209134998,90.90653414854656,67.67583606340915,41.69811183990211,4.617645905619879,0,859.9895116871897
9420,363.8515226739377,2900.9756974697107,68.46192673605282,1.3258653533864646,97.3312822971623,22.50892550436707,27.33669842261109,4.405019199767436,0,975.1220807661532
4959,90.72333999314003,327.37414147411573,57.031540372799476,5.960272025752604,97.67451350994119,33.62153097028754,37.69625357843704,2.165665632576876,0,243.1385511816153
2313,273.8881922123537,3157.40159621687,100.47726791449985,7.378127546607146,94.8199460838542,70.63471043768358,29.055888703514437,0.8201986514716149,1,734.020355129108
8847,168.38601346588587,3167.880699736529,91.21550948296256,2.0299434716516327,85.30004867915838,53.5896297425817,35.40873746991079,4.5234829301213,0,451.27451608857416
2070,375.97386019912005,4466.883907268866,49.59104251870763,3.748894894790838,116.36032323954154,60.653103236653976,45.82455186746094,4.496854788338842,0,1007.6099453336418
4285,135.29997884162321,2577.7161514080753,78.68176538919772,8.03131258404567,99.42930486746272,25.037712698696033,49.679195990755105,4.346357594138262,0,362.60394329555027
9949,451.5070619921479,478.00743302169894,94.8352417897033,4.293274918722179,90.38696080957975,86.73081907283074,32.94899579149045,4.302867369809757,1,1210.0389261389564
4095,243.92360143324711,1600.360010362198,102.32043151392301,3.174422158360359,102.55884803718091,82.76044818369738,38.298892469579414,2.661143004887696,0,653.7152518411023
1320,139.10136363839908,3312.5841193601555,41.604216782720684,7.04980597208601,108.39833789049027,34.828318057747964,37.78245060926221,1.298442435123192,0,372.7916545509095
3321,247.1098083576482,1272.368427482173,111.23756591871118,2.7708289990449004,118.03640441141215,70.74634858059035,48.86003774577665,2.648696227080925,0,662.2542863984972
1555,233.93469326383754,1474.5863270914645,85.54251063604195,9.060876276248592,94.97745811337913,85.46521693234173,36.96459331081934,2.725689968012592,1,626.9449779470847
5939,243.0135317721696,4120.298180168182,104.95272919679238,1.9503855642352685,75.60492551753794,71.268330913248,42.477655134992446,2.704692889601873,0,651.2762651494146
6432,313.5025820738511,2963.166685637274,104.63504240114267,7.358948220545442,92.03829007182706,44.831847623667585,48.04473082771315,2.9244766375180227,0,840.186919957921
2386,284.5281762110919,2591.7844156905053,55.18821282167753,5.495938311577377,93.94852807267357,72.48889203825337,34.334463988421,1.659456603460198,1,762.5355122457263
5763,117.3997092564062,1660.4146373484414,48.81376962029065,8.829366061572943,114.8497039092837,36.83693981465698,47.55305595613469,2.1480853151012678,1,314.63122080716863
7854,79.51058269098634,3681.5473760718633,97.70298151790612,2.1357558192361292,89.74003842314765,45.46039978235367,47.93640554727534,2.453839663835613,0,213.0883616118434
8637,378.2369519269432,1509.8203290011436,52.514153505729524,7.101054266464791,117.66621324435692,39.20557224857429,48.26656259917827,1.0900454428242494,1,1013.6750311642079
5841,301.87284616774105,3711.6112364564588,107.9949993123779,6.148491752632433,94.25659538571674,64.55400819121652,31.761154636785662,2.5491386055267524,1,809.0192277295461
4867,211.5503456356687,443.49725331046585,98.09515870896841,5.3208112801604175,118.68902504894643,28.65813174124389,35.008889856748965,4.147113276813169,0,566.9549263035922
4793,413.7610201241332,4336.25257375221,107.34602914922101,5.422665370894015,70.40991605654811,94.66483042786709,46.759897705642544,4.226267942297943,1,1108.879533932677
8373,224.62631341743062,2547.8756705420706,63.921014368747684,7.4977926561867765,114.94076874031734,46.680988293029344,33.97904560701047,2.3520369735546365,0,601.9985199587142
3513,408.18429032027336,2248.689281824953,65.32784483284553,9.439674894413399,116.55602259716753,37.5176101684641,40.006325823337626,2.834637404379591,0,1093.9338980583327
4803,187.5902573805686,3094.0147165554304,93.6977245077054,1.8212649320714327,118.05104678826066,59.7239850881465,27.951362681501298,0.6514264946077548,1,502.7418897799239
3327,82.7803838953399,3158.5411571917252,42.515676404715805,1.175523828494682,70.65382670873075,42.159825476377286,26.406874702781018,3.534946504108686,0,221.85142883951093
9809,469.6878622099681,746.9723667609782,98.11973970699381,8.251343132330831,78.58504182751545,62.79232691061154,35.299849737304314,2.320726473260884,0,1258.7634707227146
3165,227.5480081766179,3805.544590099445,106.8626456683681,1.9735244879568339,102.68822515466181,47.880731982566836,39.47291331481794,2.504649573875056,0,609.8286619133361
4308,406.7116577822201,1452.0486599553083,73.21308692832832,9.880271164723814,71.27363458675535,30.565344861523265,34.817477833973534,4.431527272308941,1,1089.98724285635
7452,175.61485995003702,4534.313212832579,101.19030640707749,6.574134240629535,73.18044980882503,41.27161936218096,39.44339425402105,2.5782549555227376,1,470.6478246660992
9067,340.8643004556452,4107.46825073268,53.96887335858096,6.857797557287267,81.05394368467209,55.07518759692202,37.87710940429463,0.5953651080253375,0,913.5163252211293
8642,442.98989296597773,1796.7036035202675,65.78083150555878,2.7900253264421564,95.6219884371942,22.42345811837005,42.142680732151895,1.5237090089107808,0,1187.2129131488205
7404,68.73981005299115,4057.9225366835008,117.9443970488382,3.16281079267007,97.29512796334038,81.65140216118095,41.23831077663475,2.640292764387165,0,184.22269094201627
1992,423.78609410874014,1846.3134465695305,118.9062538848101,6.9341527278932515,71.71305613967522,69.74596516723327,35.6061425801645,2.4097833173684107,0,1135.7467322114237
6424,307.0998522373679,594.643640016599,81.00840424172704,9.187541541407773,78.51836253907656,68.10876858226834,35.62488101049658,4.371665617762163,0,823.027603996146
5381,323.36228925885615,4813.252369755969,114.74158331711016,9.8415149906581,94.98528366673277,63.68399455062128,28.5194585003058,2.93961879187775,1,866.6109352137346
4174,285.4211003626922,3297.7498745556563,81.81845424454836,2.782278519679843,99.69703104717027,67.22505378600547,37.83096430241148,3.6033608386180447,1,764.928548972015
5782,443.51379647763906,2334.887680646699,63.32705025289258,2.2070766043881114,77.42008482431076,94.77215621657764,39.67947820339242,2.6119548366956153,0,1188.6169745600728
6560,69.54501075603686,2049.0894225020943,61.35194304790175,1.5076122198471142,89.94207059734853,20.685536864859255,36.91223493384565,2.478450803266242,1,186.3806288261788
8460,167.46277619113164,1691.0561378654934,114.3604564294519,8.81467316345195,115.22007182584761,23.823976772619943,33.142683377174976,2.5082900081345807,1,448.8002401922328
4078,444.0931424866199,4909.093217602734,53.79571111790873,3.652433621708219,119.9449643523086,35.31947279446419,43.0412136062934,2.349147063622275,0,1190.1696218641414
3983,388.5555661393802,760.2615991414463,86.37059665614545,1.0163083048232648,119.36072274155705,33.384110399452005,26.866541116130602,2.9236252363439155,1,1041.328917253539
8259,57.94032208037263,1642.5447887107848,84.44200544501757,3.0143627745078594,114.08372551434363,34.495556757534615,47.861009243851186,1.6269953078912165,0,155.28006317539865
7054,282.6528274443689,2478.938437385051,99.1697347722396,4.063969720894766,89.7330043974973,73.75551086789201,25.516085988644832,4.509748372288194,1,757.5095775509086
3523,288.3077063207037,2442.197770766126,79.93943260198198,9.918875525470167,104.3287146037392,56.758664084013226,49.05875333595695,1.9988849664224282,0,772.6646529394859
5581,230.39696080755968,2409.695773598433,61.782852856650734,5.711874344713735,90.82961138920993,99.34231026677546,36.55889002336656,1.1638572537980607,1,617.46385496426
6609,183.82699942789537,961.340697568871,53.551719970526285,2.842425528355912,102.42635134121014,38.150873184235586,35.31674860008853,0.9344771536898531,0,492.6563584667596
3001,356.7761826855539,810.1693828365527,89.66550428047134,4.0133651024210595,85.47162354847416,44.86640808219957,31.4111004365797,0.5604031180405742,1,956.1601695972846
2387,143.50570911713922,1348.3611730102384,97.51926054825864,3.972769188011906,100.3101126805166,98.73925734413193,25.25177837080708,2.402852353550877,0,384.5953004339331
7552,409.52685293226773,4581.178153630075,85.56170229456261,1.1775317181685794,96.18792482764249,86.54065126417976,31.869756610544993,1.344249448454411,1,1097.5319658584776
2030,411.3667223453623,653.9595423890996,99.06810216969558,2.2166474875428706,71.22401329066,57.58393765428262,27.73499813650835,0.5974155616426156,1,1102.462815885571
2220,236.86764690776923,3811.3830065292914,51.32169619599681,7.256768137328901,109.53514518730569,64.36775084367918,41.49552106733486,2.8400879583028567,0,634.8052937128216
7035,177.59660490934144,3811.987126353519,110.59761559545083,2.082258879136612,70.59489161225778,87.45423365222723,32.976874308018154,3.5599034689284266,0,475.9589011570351
7523,177.74518171582093,4067.8749790965853,86.59164067268024,3.076608489455069,84.6577971126651,58.47841968370624,44.17948321009154,0.8858797290999696,1,476.3570869984001
9074,267.0310957982946,4444.415896047842,50.147514151407776,4.156635685638779,70.29620327270011,36.48189788656674,30.172904683652924,2.574143478138468,1,715.6433367394295
1834,373.81065113721144,1388.8772699407584,76.9540163364588,7.819614500520643,88.8100706647599,86.27556308435084,47.50587143580274,3.84632905370336,1,1001.8125450477268
2724,211.49091094723644,1200.3413994175921,107.58333902927292,6.241608683811458,73.15802640820696,63.02179930205148,38.07453787764582,4.936130694537913,1,566.7956413385937
7598,324.51950545598817,2380.9777659846504,111.8049754762528,7.200999864897114,115.67554834156206,32.2434077731057,27.862654911724537,3.502356550891524,1,869.7122746220483
3413,222.11800726216745,1398.936926884977,61.17196039990092,6.10311092878155,90.78396475814343,60.44686649475181,35.02113089133697,1.6017779786428425,0,595.2762594626088
6993,187.0354351181225,3698.118946017227,96.90126597683624,7.1523318269968215,92.9747887432205,53.0562704477487,30.169013101744042,3.724491379005498,0,501.25496611656837
5498,61.18678216210737,3216.103926033025,47.99881979870214,1.025579382975752,87.49251180454274,90.14740255054063,29.992135654204482,3.190682420689235,0,163.98057619444776
3105,51.761347580925786,4387.4396714579925,42.68366971297262,9.378083299342865,101.37530771008831,30.084434508856273,37.65924344130522,1.4530967986169647,1,138.72041151688111
3568,152.243455024402,505.41768708665063,84.83191630559543,1.9982820778732586,109.22040583091018,90.01678435584205,41.797300390909314,4.329998716313996,0,408.0124594653974
1209,232.88282906044796,4583.908333454567,95.58620634625007,4.656241863792143,102.40733715244889,60.97688134482277,47.79045513758571,2.423319922524204,1,624.1259818820006
5911,433.0675253129271,1537.4082706834388,103.66293849412017,7.939345332203693,107.41035591975637,52.34915439849181,37.554050269091334,4.828899446303566,0,1160.6209678386447
3220,409.3179093186914,2504.402295042222,67.21729907642677,4.9170764620848155,115.29868317546303,32.957374752235225,49.145969376458254,3.7530545335150007,1,1096.9719969740931
1233,170.22436816459543,2249.1960361042543,40.52203283431096,9.521582965007642,113.17732658357144,76.06543701109435,48.540871301834216,3.4005341958431994,0,456.2013066811158
1792,160.0431993429347,3825.527090411677,78.3615389689083,5.208300536488901,103.7029226376848,94.14453672880325,46.626563249609006,3.7775877686445285,1,428.91577423906506
4110,152.29493198151235,2159.6332162160284,41.26828362988536,8.874454650424042,80.73189814522144,50.03018831194559,37.49943162406046,2.651436584681997,1,408.1504177104531
3166,202.65680323799015,4723.410413682106,47.358760853663995,8.297453020260438,101.88514255209644,39.32680005366667,28.52259859219959,2.773519150107533,1,543.1202326778136
9526,274.1894238027584,4522.41602492902,66.13512180253987,9.828876725188149,95.30415478702554,64.38935335993256,30.447611745384624,4.330433234501347,1,734.8276557913927
6193,247.40049741420896,4373.589644650582,74.97376396481417,9.33893002675878,105.86096155052101,83.69487587470962,41.19175006779939,3.5641784148957627,0,663.0333330700801
2214,148.22293945167218,449.1658299763167,62.357555298371885,9.083114512415909,111.64658241964574,20.301415564042642,35.5438745071049,4.5375949633623875,0,397.23747773048143
5419,108.70313447462811,4285.864501614304,86.54922132037663,7.584439064675215,107.13607485932087,70.51019491163433,28.67004079384991,4.508720391084209,1,291.3244003920034
8314,55.660015618787924,3930.0136826717317,44.42798313744761,4.302983325413987,112.32805849806427,67.72128005589047,36.97484834098276,4.894205153199121,0,149.16884185835164
9475,119.28345739992673,607.213440330042,51.56637681916678,1.9551287670841218,73.19331866705119,45.452174864332804,25.435763637551148,3.650965964804004,0,319.6796658318037
1212,367.4103665873532,626.3301946374871,95.62067206043469,7.19780547037951,71.5810019118732,56.113840288397625,43.34738427248983,2.760357729477839,1,984.6597824541067
2658,159.63735620551233,595.7026764359517,51.371268287833416,9.807886732041684,82.9250283849797,39.75705793294567,26.83953236224227,1.2484026509408706,0,427.8281146307731
6024,260.87081455467944,155.52970670198894,91.1820161256338,7.53943993598682,115.03330420543142,83.19085903614743,40.72784049780297,3.674212518413378,1,699.133783006541
6917,316.08551701546014,2788.3080954534594,44.374769660269244,9.358564323496019,111.18296254919869,70.76279466928861,44.82525769063999,1.8120997254196882,1,847.1091856014332
6141,449.0784062742232,4869.632028036612,72.59058232953123,8.238742416599651,104.13636488976559,62.61692976311882,28.316096861349138,1.7732640561679904,0,1203.5301288149183
2794,449.98479427703876,2249.5550442089884,54.19275760969459,2.468032076050109,105.03793337198579,51.40209587342618,37.96596726665031,1.5722949940163065,0,1205.959248662464
6988,385.58018015661156,2749.7117592480463,48.770902602814914,3.2428339353215856,106.33352346291062,43.31075088165857,44.476687858986736,4.438049258081525,1,1033.354882819719
9296,65.82064642182564,4843.052004172782,85.36262268009821,4.076790415861153,117.13013502423735,85.81891888347451,31.515836368925036,4.405840010069712,1,176.39933241049275
6578,308.7816885884367,1350.3929209937303,114.26686176044974,2.5143439990420373,111.60955761537788,56.112613634685516,29.072914825040478,3.339367001915262,1,827.5349254170103
6551,403.96256187417794,4306.5042377314885,44.382963833883906,6.23486199405706,101.16951935135238,60.11579358733382,33.42047777418642,2.628414416168311,1,1082.6196658227968
4845,57.77962014351344,2777.313289337507,73.72433985744274,9.779054717214562,103.28577176285702,61.66629844325933,38.867479414582895,3.5245150704445956,1,154.84938198461603
7906,297.35807614546025,2890.4349218487528,96.60283501963549,7.853129500925427,80.6870131030561,55.86935483452612,39.38198987136875,3.2325325263427582,0,796.9196440698335
1378,435.99386560371323,1781.5519003156894,77.01502653502615,4.810480741607157,102.86594125781363,40.4870740990739,28.271908336442173,2.370804117455243,1,1168.4635598179516
4293,263.3459341290201,2851.7633687378498,104.51967568841962,1.040540328822598,91.23395062092293,29.62723521944416,36.43922119184929,2.2083389036853545,1,705.767103465774
4329,51.84779130385181,458.3982964435913,54.37162526913053,3.819484100243608,77.64809353028718,27.882981373419256,31.707054888487196,2.2225743866540757,0,138.95208069432286
5808,54.956011251023355,3846.75350580915,116.76753640221924,5.740833589229937,110.32014096232871,80.59700186725509,46.05060545162377,3.1511003142021723,0,147.2821101527426
8937,237.48621683618774,1494.970031566931,70.81301022180324,3.9182578646677353,95.51235499015728,37.882225784120905,32.83937830160077,3.4145121025437164,1,636.4630611209832
1224,119.75390033753955,4449.280814520379,67.32557063554201,1.999314307214736,118.87125208447108,24.453825196318046,45.96761311334649,2.532837890819489,0,320.940452904606
1737,349.0027956919668,1902.4684035765465,109.96846356025327,4.984884611757051,84.08396772372625,83.80139253567089,35.71411531504481,4.859111525958694,1,935.3274924544711
1235,368.9596692077693,799.8381413857247,85.10936255134132,3.279275352691446,94.03350561525383,32.324932228851836,43.16464414566133,0.8773057310201646,0,988.8119134768218
1711,130.04590795728285,3509.819714405576,81.31554735222572,9.183091388153514,92.3997727334434,70.01168733866832,37.75150571360359,2.0617116167919964,0,348.52303332551804
6988,449.8399798360182,906.4329090961639,98.15823356227448,1.9157907565091417,76.03897612162893,47.091461715829055,40.549065603274414,2.385836074064484,0,1205.5711459605288
2888,248.85853024051664,3793.034526160653,86.38673906248724,1.4423736585223934,91.30576394153897,30.118420535304757,34.88391277153458,0.576146045592244,0,666.9408610445846
8173,114.28065841636568,4843.749958389971,53.001251580569225,1.0478275223937583,84.37767282104625,53.15847834034879,44.20516919518727,2.1423073445070133,0,306.27216455586006
2259,393.91321913122795,3919.8090570967825,93.93580982919437,3.9526271603709198,78.01602356834672,21.18470889061001,35.62973458934146,1.7316946272777916,0,1055.687427271691
6246,405.48852500754776,210.00131731349092,50.67751034257028,6.943481543807998,84.10777920180696,87.28359860100483,36.43654116464555,2.7771632160236637,0,1086.709247020228
8271,337.68296269945586,3039.4403614585963,104.46861642672496,7.573723775936134,81.6625845633196,61.07983690734858,37.94196670577393,2.0138474623247116,0,904.9903400345418
1748,434.0594989411489,3507.512287751649,119.17892781698168,5.079355150435508,106.70367655029389,31.132800872636945,45.795602959649585,3.7678196072590753,0,1163.2794571622792
4551,381.81783741380207,4144.745796401798,70.1910099979821,7.1589578540974,71.538758912958,38.95842547111877,41.48447321503662,2.794696229334418,1,1023.2718042689896
7400,446.9925817521458,374.4113138011008,75.58047185616101,4.2392263259382705,100.87313739566106,55.838015371082136,33.729009664143746,1.0839300507331897,1,1197.9401190957508
7643,245.24962181846576,2452.5283569662033,43.714692438624986,7.0102559798795525,108.03306710118032,35.10955062524389,41.75799084953857,3.8752759586495626,1,657.2689864734882
9701,386.4187076447491,2723.3172759281324,41.09865504660626,1.3653638677213606,94.03617282344865,41.48793292008687,41.06066432521443,0.9465300323720447,1,1035.6021364879275
2823,499.88820354306995,928.7118269564724,113.71354679010621,4.516776861103037,116.57824900039591,62.750845138821056,48.27548189699261,4.275721256357109,0,1339.7003854954276
7852,376.21903888382866,1680.004067582183,50.289924835135366,8.117647098698612,105.39403476182676,86.60872104307084,46.03541090063375,4.691399873387987,0,1008.2670242086608
8777,101.38270110670948,2257.0864586552093,75.66229980475762,8.227054274131012,107.39618256557085,52.14717485519366,41.18617309378121,1.9510038058318426,1,271.7056389659814
5232,283.2434250931324,4182.727470993227,105.22836990844492,7.445339009881252,79.84667437204351,77.35802188428386,33.53767776710109,4.667641849683189,1,759.0923792495948
7519,314.30650605936256,4654.097073744014,111.14550079426556,2.83814758512878,108.86477879195368,90.13473707685188,44.48941122153174,4.0685367160514225,0,842.3414362390918
2777,128.39480378212596,3179.271861696597,81.55181482267741,3.2248460703756994,111.60473680415575,37.30407522369296,39.38020732657002,4.650960249516965,0,344.0980741360976
2222,483.3012353801169,2035.2314115051643,85.20260199807598,9.96479854538061,88.06331942029948,84.57535763217281,49.63174970252254,3.4982156161438147,1,1295.2473108187135
8630,129.01089993557733,1344.7519872150312,93.5747177970618,1.930402064817639,80.66815340164857,80.5921758664822,31.187653214245103,1.5603981773963984,0,345.74921182734727
2777,129.90106387095022,4912.462403737137,116.91059761149722,2.6259642901216846,89.25253396018084,48.5549838358508,26.991396023272173,4.525354566099376,0,348.1348511741466
8490,461.82521208854973,4916.797990574156,88.2135968755604,2.1702363008511933,106.98039845000686,99.16159676006937,26.747295297198693,1.3291928427683468,1,1237.6915683973134
5859,259.34244490475197,4632.3870463516705,84.7580207565077,3.94889467315254,90.88195029343514,41.00578971487656,41.00075970879201,1.4587724795789099,0,695.0377523447353
9893,78.43472567353228,3949.7788344013143,41.162730821279254,2.8915825171053102,106.8325937612394,40.38426128253565,48.4815057227881,1.7197834556316367,0,210.20506480506654
9118,319.1843749723379,1696.3197643535293,46.47597616178849,5.479191635929949,75.67822704887688,81.78073317225582,25.04829785728763,1.8691084016896309,1,855.4141249258655
3989,320.8218568848715,4103.30236913839,86.1737301299197,5.284186361921079,110.30058552442422,54.77258544408674,43.144276173944434,2.8151583895896377,1,859.8025764514557
9343,79.02534140895281,2103.0857846287454,114.89923102457625,9.113550575061728,82.66037408211787,46.46359958248346,41.42662956332364,3.7105581219531985,0,211.78791497599354
2325,487.6351230351479,1701.1881809597214,109.3353078719516,1.3126595270030332,82.4464493857297,34.29302442712824,43.30760480548665,4.667936784803077,0,1306.8621297341965
6127,294.813484382559,3749.8402564847697,118.60631383937637,3.8789161900098703,99.51904826019305,81.22659447476352,33.88513516905839,0.8979691430097609,0,790.1001381452581
9998,301.9080749808939,490.30424534007216,82.22672300490191,6.369921027973811,73.50590228734949,82.90574449088616,45.51241111644637,4.794662130027062,0,809.1136409487957
3722,284.0519365260775,337.9573441487423,103.03447507502135,6.443215856595675,71.31488633423344,65.32512025841123,26.11767328547155,4.645953351935661,0,761.2591898898877
5656,324.829300840079,2294.9731161878094,107.23202651914724,5.321136061127882,83.05143326467247,96.58508905530982,43.885777515550686,0.7429968148146753,1,870.5425262514117
2325,168.93488874818973,2283.6301240285934,91.84253258646893,8.340989867331704,96.90337753674113,45.45306163381234,31.676798533727194,2.1214451196120323,1,452.7455018451485
5133,179.25860658867836,4488.656350012791,67.09999233716059,1.5644995427301291,115.38081931126136,37.56952363834698,36.92094437145179,4.1591452563470135,1,480.413065657658
3869,280.10259040825974,718.1501718103023,77.59827477262355,8.339389890221224,112.32175881536534,74.19734151475694,45.56590678893051,3.252094454657305,0,750.6749422941361
2242,413.00863464361083,704.0912445168227,108.63336577948542,5.4527881639213325,94.52232299604877,80.67269126397638,31.783975879778424,4.005922745217967,0,1106.863140844877
9539,72.43905942238048,822.5177423270158,63.883834078573116,2.2038462556930196,71.85259968467464,37.992477644145794,29.630187791097338,3.7356500245544937,1,194.1366792519797
2831,321.5318954991107,245.70768034355277,113.89945050133188,8.9713172218643,96.76263673146545,26.128861140889057,42.032829633697105,2.735465509072236,1,861.7054799376167
2569,413.0501641278413,451.48551529305104,58.38450731381321,6.843059015868671,105.23977999626477,84.84131892690976,38.33487228767011,0.6854812067826479,1,1106.9744398626146
8246,120.61277241675222,3333.3623474622914,99.96131321254245,2.4719111814172536,86.95822662625169,98.12015789168099,37.86009671865461,3.1292069092902546,1,323.24223007689596
2918,56.760143891254835,2214.7632126757953,90.44473874765907,1.3028475105912394,75.55316516408274,71.57378288578275,31.419237888447828,0.7185499387668319,1,152.11718562856296
7416,190.72098281365612,3841.6550287312666,99.96795528966098,2.2699868349938432,83.92839766028297,42.22935201151153,25.87200764550069,3.216770228908089,1,511.13223394059844
4232,314.66466802831917,4963.728821050136,74.98780579460758,6.479181641623542,108.5794432233907,99.73380868422336,35.25672845829292,4.101848881221552,0,843.3013103158954
4758,112.22742803213647,3329.2699373851065,114.61128500431877,2.6136661173404363,87.56219161416641,91.4613309013662,27.6639870116942,3.132462869158634,0,300.76950712612575
6997,241.75506693761847,347.2322960386063,90.59777619291819,3.031867673875253,110.5990745342855,61.07045170242351,47.649728766230055,4.986598120527637,0,647.9035793928175
3355,298.54467381842505,612.3580372962734,63.063664364340504,1.2262575318068276,85.97607259037379,86.0257027873467,26.03125808679326,2.551399250811949,0,800.0997258333792
2824,319.4973926407927,4416.920015592068,91.0764056521715,7.506376050147432,78.17775192069091,85.26564186103735,35.791271354609535,3.8697235862179435,1,856.2530122773245
8280,173.48527445016882,2684.7301283354814,62.945259776562494,8.293279597834934,91.79241797568041,94.78391757387996,26.306139592520697,3.5024598128385835,0,464.94053552645244
5060,230.01333619383112,4141.702081039126,63.49059134078993,8.171633590949108,92.61372561445694,87.2739075018768,27.388596864119158,4.961442612011396,1,616.4357409994675
6324,400.25265308040144,4297.4004475021375,71.96788092966943,2.148113362278558,70.80541092746685,71.49433887657315,41.47166667305055,3.709485522846973,0,1072.677110255476
1404,473.5466123543085,4645.605253347644,108.19443340552952,9.129710146498834,75.8522536353163,68.74429751652059,41.17778152435236,1.2381382915672523,0,1269.1049211095467
2721,437.84614900321577,4754.163106883192,80.02382995151936,7.05050946526672,79.24630093864087,57.38858306652894,25.826304871985993,4.799829678877584,1,1173.4276793286183
6316,303.9275757800443,2818.6464028662003,94.3120673784166,9.077757601391781,75.67936586893374,70.11885119766059,25.028286878021756,3.5049975190059257,1,814.5259030905188
4845,234.63176132477594,1770.998844054566,71.35741922195704,5.024444540775972,87.07630377106818,83.61732692243062,26.9704519310696,0.7670220386287545,0,628.8131203503996
5210,199.8304764671382,4813.137884305193,61.08843518455052,4.93259374975328,118.2311427808509,97.52301010420426,44.074972442798554,3.459057376030756,1,535.5456769319304
1064,106.23045473780813,2782.291389406004,116.3712128572985,8.060828668164056,95.46112691635389,57.38298865456961,39.61441181878768,4.474037330036488,0,284.6976186973258
7382,97.94806124725085,414.8383424775941,88.28649976984501,1.8396806992906916,101.37780119353232,65.89225623910056,25.95295612971229,3.096688378955113,0,262.50080414263226
1968,359.760931211146,3249.6050952933383,114.71610708661746,5.687866329713971,87.81932392615141,55.58443960470254,37.202425396820686,2.0930883711440504,1,964.1592956458713
1368,166.90748727702217,2979.655276935553,56.273040175865205,8.52745812068103,86.17438808215731,73.47908967867232,42.80073392636129,4.194093353317772,0,447.3120659024194
9424,164.59775889460104,4489.38507718406,51.75153311303462,8.471733067626143,71.15733859575042,70.39364032490076,46.72378486502016,4.0213040369262325,0,441.1219938375308
3242,499.1877745150035,3300.617226873281,108.4658325699123,9.605195707081322,95.01668278380112,21.426703215489866,48.35091226647526,2.9488196940408535,1,1337.8232357002096
6002,134.56668104320795,1810.3568798616018,94.47337700938012,7.284453341774919,94.18045033758332,63.292924728052675,33.186014073851666,1.1946279645315516,0,360.63870519579734
4083,116.62689176997334,4834.50605595852,54.92627994029131,2.869935664957555,77.89153630905615,27.078951655921124,28.39581071033164,1.6294391848543162,0,312.56006994352856
9073,94.40835249196428,4027.9354813119644,61.54877605308302,1.1825228340512273,108.21620001033519,22.110689440443068,30.923148018286188,3.8231778748374756,0,253.0143846784643
9880,310.9124053250583,3189.0463300686365,104.0531153220249,5.314742187643917,94.63371651555015,83.29577296677586,44.404287301005596,4.127369744277174,0,833.2452462711562
2469,332.53872170094564,1535.333496675302,76.30948959967489,5.623334790603,86.94969850807867,40.69198897274404,49.28710537605777,1.756693751184454,0,891.2037741585344
5725,214.35256681559687,1930.3474519400481,93.64324052048727,3.162363260490383,77.34544545114635,47.25240618298394,36.65984043400951,2.15593284734054,1,574.4648790657997
5259,290.9360009801605,3382.852628073618,65.46816177088087,2.122277024112429,97.60804134855061,25.126767008325295,32.63383033869474,0.8493434836240781,0,779.7084826268301
4622,404.77978892521065,452.7060104702764,70.49839622199013,6.275873495714581,107.64085130444049,34.36002083954805,35.72976454900086,3.710578767649249,0,1084.8098343195645
1823,418.14687574478677,1357.734899086291,119.2570046898484,7.878301066217272,84.09996763424859,81.24838546062338,32.62032861612831,0.516098950700141,0,1120.6336269960286
4431,481.06043407204174,3598.11457364333,59.80936697397748,9.938386932311445,80.93971757883612,59.482466418609675,31.412188080178858,0.7094368454858063,1,1289.241963313072
7528,420.92059366529355,2452.0906982386423,80.51651016292112,7.824723554894667,96.09674820322886,90.45347700401187,39.84376881017949,0.5195483050284047,1,1128.067191022987
5151,304.178646522842,2071.7284675907076,107.55218745524257,8.142691728300228,77.76716512550085,51.77937051734681,25.39339950933861,3.4039381250192755,0,815.1987726812165
5213,130.8456346265807,842.142349762031,59.137857093268636,6.548147904059177,103.33066932971425,41.496058860341456,31.488806216624702,2.3782420746524595,0,350.6663007992363
8420,94.89360096627908,2265.0602689408897,73.21710053474646,9.87330393073016,100.26718139721152,47.80798515669208,41.53455194612472,1.838960426044986,0,254.31485058962795
9989,74.53035045988665,3876.390656725146,89.20730298959907,6.759607466031134,74.35410247957142,77.02174348135236,25.801567407670127,4.6071545466069965,0,199.74133923249622
1779,349.93662430342266,1393.6629457522758,78.4950521180082,8.742279577597339,71.8260189690687,64.40045378675889,27.080045412723376,1.36761257604473,0,937.8301531331728
3892,413.3913149290969,126.45285670001932,76.7601813256254,9.512061816168602,101.01443262942925,92.33529660419423,32.33490361964462,2.2521560467163027,0,1107.8887240099798
6534,278.90777780783554,3375.674015639816,69.00077850576989,9.368726504505048,84.71468869943703,68.17350155111066,46.94511996522462,4.731403104174882,1,747.4728445249993
4306,74.62137867513798,4865.870361719508,86.931706221994,4.432738094050208,74.32228765866992,59.441456678520254,44.122154004132405,2.4219795327666906,0,199.98529484936978
3902,290.96175856610216,3073.4501615840563,89.94981583388882,1.707958524828328,107.97143524782433,82.86021791093863,25.55391573540609,2.99612158541176,0,779.7775129571538
4718,471.0871676860477,687.6171087429377,92.26316327210901,2.5468633228532216,85.7022001508822,95.80270805867562,37.5428204172123,0.8615158995626941,0,1262.5136093986077
1021,318.9259359196072,1671.592152488898,45.629448632482344,1.5330097485694671,92.97997748191118,48.467672899597645,31.86718734968542,4.05574874102058,0,854.7215082645473
2500,414.2423698082667,4351.443912129094,90.48273405696392,1.9485724134622604,81.84064637268847,39.99009681323821,41.21614147655157,2.4024144968970718,1,1110.1695510861548
4641,410.0686917762878,1239.58356385846,116.25897430249863,2.6618612130432786,101.36585391789822,69.29739170353113,43.03884706483653,4.102318060693175,1,1098.9840939604512
6212,469.45809490129375,3077.7099271382795,83.27889884224669,4.069848849286616,85.07442076771797,59.90982569231048,46.571564428232065,1.6420893915019645,0,1258.1476943354673
1191,396.60294454244297,2073.0889204445893,97.22136660073954,5.891856819175683,118.40104806138142,99.13484598918268,36.88540592760036,2.4011543775263453,0,1062.8958913737472
9587,386.4652313058903,1118.4342349562803,84.53858462073742,7.405138534195774,105.14737743084532,56.98894273181867,49.86125221363962,4.039470213642547,1,1035.726819899786
8174,155.34619923678827,4085.6937784669303,108.3792494873583,2.8983460249586073,76.83611381867328,25.946524108827667,49.49965268217773,4.882449951696379,0,416.32781395459256
6114,76.96631989448665,3739.8732546818824,114.36664756780551,7.052701638143255,90.83474198367334,98.18952486221087,47.05416811177583,0.7683148597427099,1,206.2697373172242
5662,282.91975927421345,3341.7962232004006,54.73759194370874,7.338331670521777,89.27105498649394,87.4869556474832,39.37173737895177,4.156052798385069,0,758.2249548548921
5326,105.99539357603985,1258.0492923168808,74.94880292457012,6.027601031795705,96.71235553601916,34.260011516637064,34.95016093759538,1.853100804321996,0,284.0676547837868
5335,482.9881443250961,579.4993133106052,71.3905680746177,9.132560828188396,112.09653372396266,92.36842024902954,34.10965775349462,2.9783447640098246,0,1294.4082267912574
9281,180.46614318486286,2923.1807161472343,72.41720986394229,1.9989533252962959,99.17110075915008,47.253345665739566,25.30311875219362,1.8054151922783657,1,483.6492637354325
9648,433.8248915229319,2813.0213843432234,50.04193449823007,2.5940931184217755,73.07783387999996,50.16895876275556,31.22936243105916,3.260504626555956,0,1162.6507092814577
6494,224.4310813411067,1023.0865457408778,105.08925807845755,4.857983419505364,102.77078484014275,92.51131858897274,42.970205873729114,2.09211273789789,0,601.475297994166
9536,195.43741243581985,375.6088021443452,42.86129944119482,2.1404146171081497,70.41326489729292,62.409245202825225,40.09080249732666,2.001267009399567,1,523.7722653279973
3711,470.8213575694795,495.4714255505313,82.25812861817255,6.096665293516787,108.99802302701966,31.02103435188157,47.91055472918834,0.6707224082117098,0,1261.8012382862053
8595,213.4951574388008,4964.577833912395,92.9502710435753,4.58560419948482,103.3318036205621,49.524492747344325,26.250556672913948,1.1613218265671519,0,572.1670219359861
7273,225.6295588984114,3939.56108424013,56.59755504471018,3.561362150823266,85.4392829176293,77.76779570143046,28.881915079433266,4.626851894894655,0,604.6872178477425
7284,97.74130082580913,4617.738632229346,112.46801536790365,2.5299083171587355,84.62209022947579,33.934735045441336,44.73109473380325,4.992248429929608,0,261.9466862131685
9817,351.70099937712916,1055.7681389581803,107.08393656198345,4.018044145133892,109.91364982731528,67.2184957925087,33.962690779883346,4.012342591413229,0,942.5586783307062
4994,179.97773651488106,4806.7858279848315,77.68669835871403,6.471634157491078,109.16683459623103,75.62193063555335,27.958633342946946,1.7906568114806904,0,482.34033385988124
2678,313.52187552777826,799.0063222184942,72.89191458721109,6.182066898004704,87.615117718838,47.50828604340634,49.911262627502225,2.3110031229961665,1,840.2386264144458
9414,316.10826682394423,2594.5009599757086,58.925434016888005,2.4726160018921046,84.94738640398901,75.5104550966658,44.681257566734075,3.827765547077372,1,847.1701550881706
1743,373.6398630180952,4165.508853643613,98.39945797159709,2.124278296665701,97.9912394441395,90.7365881463455,35.21852591895306,4.858311005974391,0,1001.3548328884951
1462,385.35866877759855,1814.036437106739,50.539503970557135,1.2400908634798529,70.41828299920721,57.769339538659274,45.5836869236535,2.5496202682821543,0,1032.7612323239641
2568,281.50359548069275,2181.6598125668124,94.41902030750265,1.1118303441453903,74.13335189932711,50.63274625438285,42.015096752978835,4.232850868797686,0,754.4296358882566
2736,198.94637642153134,728.1070404655794,107.39655888947308,8.918293921477167,76.30847950743684,40.09267210866285,44.74936898924584,4.887810151694226,0,533.176288809704
8903,426.8529026756303,702.3172119949664,58.2777260733619,1.4057997040485093,79.27059089135871,68.33643838906434,45.380159439141245,4.4306292697520195,0,1143.9657791706893
8002,189.43954223381812,3135.8843014154318,109.31419223190049,7.5809899888592165,95.60090633377345,90.38816384309727,27.11821708225795,1.5221738604709711,1,507.69797318663257
9856,278.37909251119913,3410.108606238278,42.66585595516068,8.847865866204614,119.6120957430561,45.97290137481552,40.57432219220239,0.5361433874403032,1,746.0559679300137
2356,230.56366244167762,3908.929319002747,113.02299083092203,1.8825206370621181,102.63067008736768,51.698841962984275,25.16963882442069,2.714367674247868,1,617.910615343696
2014,434.78527368635963,2827.7420581405922,49.46897822810384,4.926712814497159,73.06493972246118,52.53004140399871,26.086406157529265,2.8911237426287006,0,1165.2245334794438
2054,244.36333901562296,3264.220532080399,91.66073423504261,9.66072684856849,96.27896870311208,64.86498734220137,47.59950022639602,1.4056266404802633,0,654.8937485618695
2764,223.74463497686793,166.23463132862827,60.006597513115345,8.507247944712265,94.83226061947522,38.27271692539509,38.18909303392014,1.7810347637606794,1,599.6356217380061
7009,360.42066180393687,894.6365629722214,106.9241912935691,5.407336286720695,77.20839079090247,85.77689242461634,43.39754964671312,3.943189223818461,0,965.9273736345508
5458,321.09849943764925,4926.082353482832,80.98402887323732,7.863140015123976,116.01361844012038,43.6481822003377,45.96252476107865,2.616562664209102,0,860.5439784929
1667,98.26107507313074,472.3681809475758,50.81929529972011,8.500398619884976,92.03826238376845,76.42901527173456,48.73966918911462,1.9280933762011547,0,263.3396811959904
4370,278.67596285478345,3426.0622890752,85.67932570607827,4.132242668698474,119.72795703048698,61.05725934236416,46.7338211980699,3.3018171231286373,0,746.8515804508197
6976,380.96527474996145,962.8049018554095,72.63060881575865,9.029376251829648,91.00361476260821,66.87180826822055,37.08278621743235,3.4374189018925643,0,1020.9869363298967
2394,496.43364406611033,3611.9210702614455,92.91582532904809,5.234259877094411,100.39788513418046,34.36869910618423,33.39925768451279,3.96228099578361,1,1330.4421660971757
9290,333.1160752866436,3559.352974513768,110.55226278107676,5.75026627202947,75.238126822572,78.80185585425365,28.862330905150955,1.2051918309331362,0,892.7510817682049
5070,216.63187989859298,1247.575392961642,72.75113049467348,9.99736874039648,92.71139119034346,35.08964152341049,35.008037062182,3.8368276354714563,0,580.5734381282292
7982,151.7682199109533,1421.2085561741005,63.19045436270877,8.589726695369452,81.93829470019867,29.07789101019513,34.162339479029086,3.1974277644968834,0,406.7388293613549
9613,442.77360536899414,3308.3764966502326,41.1612075622087,4.25593005195682,111.77823992856176,63.734359991102956,38.989371048896835,0.7590733938625871,0,1186.6332623889043
6599,416.55434545107624,2011.4215900230467,85.98712302879,1.0931103682542995,109.195979243377,76.74377095341322,41.63773521893033,3.99850532714035,0,1116.3656458088844
4650,155.2652693507232,1053.2850515295654,72.18198139451468,6.635566664145052,111.20899998126792,24.00286691478054,49.45813691112619,2.2238612659993326,0,416.11092185993823
4620,140.28444056595805,3685.2300340586607,69.9719375211863,7.33522083515297,106.18047188789757,25.551625195243368,43.20965465251831,1.986714204483369,1,375.9623007167676
4190,371.811549565029,855.3228692480374,54.634825702737004,6.857224211290417,111.63416118100255,84.21433301647352,41.09371331107308,2.5163381821173547,0,996.4549528342777
9789,191.72842786344177,4292.653954310238,74.40442761530194,9.710761160468918,80.04143750874604,84.72261596058657,33.37731085670856,2.057787847877581,0,513.832186674024
1391,187.87945926288103,2621.880667853955,118.75535628666947,8.7667392459893,92.60218882899008,39.6243773647265,25.862596912458148,2.0222851649445905,0,503.5169508245212
2075,118.53061118044486,617.9329590085733,63.82033229377954,5.039485238625836,104.5923439972984,69.21825622401627,32.203128221367294,4.136349504652815,1,317.66203796359224
3650,168.78898386942348,3500.9544343018238,87.97635307264801,1.5657173872514285,101.86962489675675,55.45440601157276,44.21119751149044,1.0602736446456151,0,452.35447677005493
3384,242.3784009166923,2643.898893915248,102.11895050525334,5.2845289255179715,105.81772414370434,70.61568331228104,30.131798520095042,4.8677003053585635,0,649.5741144567354
1809,379.777251772587,1560.4821017945667,99.93262585412253,7.2031961796582085,81.21291915756159,89.030342727938,42.80470484185286,2.9971923996845447,1,1017.8030347505332
9047,201.33864248618738,2170.442963096889,66.30194299940726,6.469388274043041,74.9217354522495,26.38851396658052,39.49449606423539,1.323157992895908,1,539.5875618629822
6501,197.87195276592922,1561.8549435787438,88.86880668134803,5.843233609397964,115.84032890373882,82.23875407907634,29.29642174376162,1.0904696731925894,1,530.2968334126904
7895,178.21096364859613,1388.8265951396418,109.70117482161258,5.219370622137172,98.00859477836792,59.442328361683145,31.54062015729575,3.1617928946074216,0,477.60538257823765
2159,265.22765037996936,901.6812621341898,41.235794218646234,3.643856857246477,77.69129622537055,65.13015550095972,37.407590087161914,3.348497497311176,1,710.8101030183179
8574,131.2865140735919,1877.5589523736319,74.85874854746461,3.496120855521663,109.67182909436808,72.31450880136961,35.45936762769619,0.7386159696341484,1,351.8478577172263
2531,268.5338303144565,1329.8373109487466,57.94187345935242,5.502083310332217,115.74649683146413,93.80985193032859,44.46409618866899,1.593508613579536,0,719.6706652427434
6481,366.87900028761044,3448.8289865641937,71.09058323190712,2.445428317866841,78.47817592855546,24.537596284139028,43.360116063581174,4.079578645496603,1,983.235720770796
8548,63.40572681467998,3450.996031700201,73.27916863801933,4.066168812173214,110.87062276345553,22.358108169955813,39.36436258682543,0.7233108248458647,1,169.92734786334236
5976,54.40072113759284,2559.017188522628,99.73367718293096,3.915813472390896,116.66125306595642,34.260942519101874,45.55686778682313,4.347898987577162,0,145.7939326487488
6695,83.80530956952916,3911.9281846045733,47.50574979163545,6.284195214257808,116.91808001480086,98.91581808213891,39.066738517107716,3.461731144368501,1,224.59822964633815
9445,291.04702777765044,4222.564623129636,81.00671225060083,1.6001407032672212,115.70782308267505,77.20610939022205,49.1097314164315,2.4549046671344215,0,780.0060344441032
4548,434.50478743343155,2940.8556414279383,85.13558334389963,8.467018122385856,97.32105061800513,69.17128952436016,30.430602478777036,2.0589478203691214,1,1164.4728303215966
7163,52.19800970911337,3132.7822975408253,79.53260828414435,6.061405423459619,87.81056586269347,23.763124273179834,42.85329984005382,0.5866203373200228,0,139.89066602042385
7671,471.49758706310644,1486.1409579531894,98.54986024501761,7.037440126983418,70.36364038470046,90.32881791143718,34.2486033013617,4.213467255883294,0,1263.6135333291254
6264,97.82533020674111,4484.859083457047,70.7033004725478,7.327845133834895,73.04561134357635,85.02054826377277,31.974154860504846,1.1422483428584214,0,262.17188495406623
2231,428.8925876262018,218.60961767039615,115.59736509120609,3.6233572315828284,91.44195076486953,73.18400350936679,29.509686899192822,1.8929389633793963,0,1149.432134838221
3423,267.28464424232607,1808.1521002699437,78.54427540311531,5.233344106463798,89.96630731957552,47.13046523877622,38.8125869065386,3.0609814116326173,1,716.3228465694339
9071,346.7108242754798,3636.8220655942946,85.6971127691838,9.606213602827005,79.23569547849416,25.640396445460585,30.38673581873028,1.606966700320644,0,929.1850090582859
5261,279.8073430012321,492.4385973886901,106.04246586773995,7.900347141971334,89.77400140158284,66.4030790320738,30.00877128621015,2.737132086884906,0,749.883679243302
3908,264.6717013307096,997.5306843986339,62.0188884744898,9.726011877008668,78.73250327276841,77.575565716867,49.76329762709545,4.14204272932416,0,709.3201595663018
5712,425.7047427639762,2987.500066527971,46.016162301024195,7.716289106316594,112.43956263879203,27.539228038179793,45.04368542114402,2.6174207065562367,1,1140.8887106074562
7755,390.14887080551733,2843.9689901714337,96.6227182689986,2.5804012573766566,84.90974389377995,70.70141278387968,43.70692050635938,4.770398048538182,0,1045.5989737587865
4883,267.53100643535186,3720.7486510416798,78.64094844387029,1.5808229546020862,99.92821750791549,42.90928543097269,44.85151564706887,4.313752791693537,0,716.983097246743
4515,100.23616822822771,4081.801931532042,111.72034007671958,6.198952930476973,95.14215309995434,81.13953769758494,49.223071842968565,1.9986765591352738,0,268.63293085165026
4403,101.93133169148366,730.0399347071788,118.61440389779473,4.220319517323486,72.59410387969962,63.16926804814696,39.331917218830085,2.29982956062772,0,273.17596893317625
5598,410.692757323584,190.06684989868606,71.92874804597834,3.4791211912435323,117.11168597455831,30.322943024834935,30.506096935071515,2.404970271601372,0,1100.6565896272052
6008,288.22577960639006,3479.2287463286398,73.23512130077287,8.264898967828756,96.36129891252416,62.12155581865888,46.555241018830976,3.317807538160316,1,772.4450893451254
7222,266.7151130987132,1576.8197992551602,72.63700817645812,4.302939403737526,86.25288216959076,51.658949069337496,43.56826823635225,1.7905807813484291,1,714.7965031045513
5009,356.25507861232177,3167.3211781979726,65.96432877847408,3.853008727608735,77.90632848165342,34.42847746253215,35.35770780835433,4.861621124701289,1,954.7636106810224
3735,436.47871253641716,837.668481504901,102.5349678213118,8.649888338521095,86.92633173634178,87.32125792496986,36.83923746436616,3.239078992715754,0,1169.762949597598
5491,332.99291498598734,2398.2962286632182,100.71966099925821,8.61658602837814,71.02558015116948,20.882275879930894,35.28130996197173,2.297307464335101,1,892.4210121624461
9593,393.2815560559156,2571.681255710841,78.29158964404199,4.207299739795509,88.1779077674149,44.97026215024847,48.248554005725104,3.402544169712053,0,1053.994570229854
1974,394.37173585263065,2966.881300228759,43.5728973103119,8.492488308873696,96.57429636522524,21.007603053554142,33.588290287457355,2.2793225473836847,1,1056.9162520850502
1223,210.31765195683158,2614.5330800197653,64.76474412104588,8.657006412993944,113.59331229254724,27.680555720492215,49.08710696640431,4.180080564407385,0,563.6513072443087
5613,173.33743803844806,2528.8847741206982,63.384243724387005,4.815374815266996,104.36872088488988,43.76769753384649,47.756794281348746,3.0552843224827457,0,464.54433394304084
7777,410.5238302288214,1730.3973545208921,104.88697969602067,1.5982581718825442,75.57911565666207,24.341694831149887,40.76302855620433,0.6888672653273016,1,1100.2038650132415
9427,219.73045630290957,448.78315795862255,47.00604587329398,1.014261800197061,77.38731622189806,67.7304425885713,39.49554432750187,1.2954059034055734,1,588.8776228917977
5211,456.50120293521735,538.6489643045273,104.45403032341633,5.709632166000955,91.40616839091874,26.94903263889462,34.25223200174927,4.392472878632906,0,1223.4232238663826
1225,81.36081352855383,2225.5135445950527,93.53469217593144,4.096679440333201,79.78538758193939,76.13709072528762,25.45845972526625,3.0330492186055547,0,218.04698025652428
9183,76.19788043390284,1843.386326322866,98.59531673043594,9.974187047425294,71.39248887913779,24.211369010172888,28.190579655943832,4.776545644312573,1,204.2103195628596
5277,467.15187204563375,2629.0605429050393,74.57705500680188,7.951698996645558,110.25074400590351,24.744711584087746,43.855783083738714,0.8259004078730816,1,1251.9670170822985
2341,341.8047113816457,1593.707029355708,94.37806368014066,7.851479107153713,70.9761285348997,44.42607192266131,36.78850316470413,1.8286728353868826,0,916.0366265028105
5036,220.81971040174955,3470.7594481310894,88.72231557655326,9.597184914586093,111.5344802599007,91.7257219975422,28.745953354699203,1.3709451795780767,1,591.7968238766888
9401,389.77718666728225,4333.378627846601,101.51841561829036,8.989519581039886,77.2051981516483,71.31145989786532,31.599021353296774,2.992281315029313,1,1044.6028602683166
4727,352.54706449713854,1564.4296250556517,75.74158675746017,3.8636873151074984,118.7339205403558,81.61050335431355,48.695922496174994,2.222567739859592,1,944.8261328523313
4928,289.0404710688183,1045.6216389012402,77.8260499917042,2.4938849944348873,100.1936955913095,31.324168758168483,34.17832088275662,1.2077309033437695,0,774.6284624644331
3803,94.4930041981931,669.2848138450366,91.48609781918562,7.71303038558934,106.74914858149478,86.73003465977968,47.69204863047884,3.392383612817961,0,253.24125125115754
7558,415.48081428173816,3119.644798796981,48.646199493311066,4.404465043145857,75.52418139840324,20.651699855538812,32.61589580733942,2.9133426460873393,0,1113.4885822750584
1393,439.7104358062811,2274.89435658879,74.89955586914539,5.258553864678608,113.105203672574,37.04458805864049,38.58050235917902,1.7363131308333544,1,1178.4239679608334
7839,127.4759098486921,1021.2770142618159,117.75606762078445,6.673579581473442,111.95961714357692,69.28738569199948,25.511927084054946,2.6589711100207,0,341.6354383944948
9795,432.73024338968,3300.3699931300916,43.00418560480365,9.170854092417166,102.64963657708589,50.01971268752403,38.046877759339424,3.855822417685353,1,1159.7170522843426
1581,445.0312899574539,827.5675967258936,65.2803778293115,4.7717897830386935,95.11374322976937,98.73547133748508,40.92355026526576,1.4237225354779635,1,1192.6838570859766
1132,297.2428755298322,2816.0734586549675,65.12878552714966,8.049852011974252,106.07445865658363,22.42713974546546,30.857627483429447,1.8180758601577809,0,796.6109064199503
3838,345.28056630020916,2683.0270699637967,90.6771295388618,3.415058121471917,70.2964107668439,99.88785343492346,39.47342940513393,2.057499441923518,0,925.3519176845606
4385,222.00679400652112,3697.7162258118083,48.46402875393119,7.2817461183125225,99.62203776992297,69.89022662890528,41.179194301274634,3.860268967404642,1,594.9782079374767
4770,176.8062413791697,370.0372357092671,90.2835224703089,1.0142147897012068,112.37030674646184,64.69655956768773,42.17215195954391,4.311151697979081,1,473.84072689617483
3268,374.89241612824014,4450.577366071519,47.603219252129556,8.843564921415712,87.84499435873775,24.76099540511795,44.41008305055258,2.193748233987249,0,1004.7116752236836
1975,437.8438170571137,3544.6594581194154,47.59629179346648,1.2734162195901626,75.41446782414585,41.866310133271256,32.783481073235414,1.834793878252632,0,1173.4214297130648
8605,344.3348988300864,1159.017391908935,98.25466857507858,7.414783792863258,91.04386248716031,93.97301506332765,39.19442391079696,4.502510412582548,0,922.8175288646315
8213,280.21577479094714,998.6862081877243,65.93081390662371,1.416323703351555,106.35522245292535,48.33968025513954,49.53947574411486,4.997142194867054,0,750.9782764397384
3835,121.5161450798772,2215.135049304539,118.19383581709982,3.396211294546031,75.36506051853362,72.93225603738009,47.45360426662893,3.516591378478096,0,325.66326881407093
3738,74.05642067216817,4106.070114768525,42.9882349148444,5.474821632008978,80.3024280106445,99.95970803349773,48.816635702459166,4.954912767451313,1,198.4712074014107
5134,250.5613056110359,4230.454966381625,75.60853309743953,4.779448168134143,77.37759234143499,41.0455771066833,34.65340996321429,3.469848250108595,1,671.5042990375762
7833,72.20730366383957,2650.234851482977,49.05087501392189,2.7265250314090954,109.84738777876125,66.08647032115951,44.673202647416545,3.8005712240352123,1,193.51557381909006
9353,306.2005843582513,4317.973227165014,68.11031734064869,4.004334205383136,73.14463112262435,75.71502341617705,40.49744879400869,2.2489520069458115,0,820.6175660801135
2909,222.22813609299706,126.6741750392838,119.85779604872404,7.549357330548704,104.32932510572165,33.17017972523321,27.068377076556025,2.448353961495741,1,595.5714047292322
2963,390.73510385688627,272.3556945048234,111.10740093908254,7.023313833216834,88.32284603765956,31.893805095694567,45.599509728926634,1.1486104879522783,1,1047.1700783364552
6153,187.54182357628255,4567.9258088200395,43.86595270843175,1.6463312538752413,107.78956214426512,56.50463293265386,41.927531908934114,4.202375066443055,0,502.61208718443726
1966,316.84221543534443,3899.1264564409885,85.06046750605466,7.725842430155977,118.21917093920189,50.86500174074315,29.97293398788167,4.689765638992401,0,849.1371373667231
1889,291.9575847897952,2308.45968542689,91.82578438595485,1.477412930773255,75.72726497932412,77.1372349485851,26.993463935736532,3.305471601623504,1,782.4463272366512
4061,52.12059148500852,3792.689644242137,56.76276991601006,5.88633750189806,85.71925205337293,25.5607017158869,45.92555326620827,2.0464128880042933,1,139.68318517982283
7461,82.57522921893965,4782.633362444766,51.60844587171602,3.3405647323797156,110.50627138594285,97.77332989925523,26.972545737280026,1.193073464184648,1,221.3016143067583
7166,180.66569561870924,3883.238667018297,112.35049077324187,6.28921114803837,83.30791930255883,21.14215853486659,27.283846634160916,1.6932030336739172,1,484.1840642581408
7967,447.0057864593443,4227.619535709778,117.50531531867013,3.351955563468117,80.75602985230205,68.1053459468921,35.68520719760788,1.649346893833295,1,1197.9755077110428
9101,116.15672970490036,3826.9722488113025,119.35142858557134,9.86462172663248,111.26889889344858,65.01060766939106,28.369945710486927,3.2608754787360787,1,311.300035609133
8379,369.9024487072437,924.2343529243539,103.18094189877075,3.7875536535477865,119.35411820029852,30.77725846957806,47.84173993606798,4.75266859413622,1,991.3385625354132
8280,488.0149547685293,4184.51313726411,93.08016555242057,3.177645721070464,97.84402950739829,32.07327861708238,36.757098406580916,0.7172234913109166,1,1307.8800787796586
2067,405.75539871101984,1056.033218118629,67.65842017543983,3.5061876182381138,83.90243741666697,83.41419902357015,39.22877451636429,0.504600348175016,1,1087.4244685455333
5223,159.32541275916978,4473.79550741632,53.7118649859802,9.068255715333658,89.92829808000269,91.00499667301465,48.20265223695219,3.200818749414465,0,426.99210619457506
5607,458.7643671858867,2347.384500597272,46.31844794929854,6.725969458024103,78.50651636918045,42.64135727070156,38.25658064095872,1.7782720793587186,1,1229.4885040581764
4985,91.89822042877553,3417.1860863240395,95.46379748411937,7.576156876786988,108.09436394453763,55.03711711700547,33.83977864893296,4.4624675405253065,1,246.28723074911844
4179,260.6638738418311,2536.480154615153,102.77787321434866,9.262094590849154,108.6737008911384,48.39960328306829,44.9288776453958,1.9726263855761765,0,698.5791818961075
5538,449.3938584768862,560.55555414135,106.1162921963984,9.206852363605067,113.75604961912472,25.80376103893215,36.071254936880266,1.803819202380002,1,1204.375540718055
3362,338.5695691655914,1524.539307341259,113.10120026430388,7.6505126192085475,71.3301281798282,73.85633968126476,32.96173564005763,1.7127977954823377,1,907.366445363785
3224,236.14005412746448,4920.286084585329,110.39436509106989,2.7804198595719063,98.09906708131896,86.01543478445521,43.080736465138365,1.1518377227070986,1,632.8553450616048
7371,181.76579003172594,4807.502283182105,119.9793017806474,8.59035988607505,80.71277171715921,44.390348591296565,45.040141915326075,3.1168871342469977,0,487.1323172850256
2726,218.79473239325748,1670.3857985121817,59.525120877380104,2.8339843077195734,87.04415077461786,99.21406349045746,44.79290418960679,1.256961210503945,1,586.3698828139301
6791,279.0238014541788,4981.854340801607,101.06460921697685,7.686089326885887,109.24778076432537,26.068124582588396,49.44186035321769,2.410840219056309,1,747.7837878971992
9073,193.56976844276332,4243.2008579348085,86.91676098998381,7.170427598903869,79.6016826180748,72.94325710516168,44.66667372187406,2.5743742351504197,1,518.7669794266058
9458,486.03553793703486,3093.701547218048,60.89961059628659,7.8299996512640195,101.91708752905448,55.85824116208712,44.24833589871716,0.592214210950885,1,1302.5752416712535
8013,469.8849438797653,296.6106392789465,118.55242578295542,5.794171126424342,102.72830956117991,55.72815208853247,46.437131343405504,0.5756327591951412,1,1259.291649597771
1837,441.80216069644433,4517.089464738059,111.83184838194018,6.748535640242976,117.70469574511503,56.61164928268322,25.00462988238607,2.8409570994057316,1,1184.029790666471
5584,239.82342598519404,2831.403468395167,50.28125347552931,9.579880723908298,108.75804642644685,40.694541904114274,34.060785279694265,3.6321562950310953,1,642.72678164032
1686,361.085796200853,4355.533140893571,42.09266738587359,1.9097973475679342,110.18175735768467,77.2450261865786,43.44007740086055,4.739641170261821,0,967.7099338182861
1356,456.27318816618407,4188.702687538138,95.06646098661415,3.7796254730345797,96.58003745089468,77.72612208680215,39.99297527775693,1.3060367787062979,1,1222.8121442853733
5647,432.6932694555176,4181.730454485321,88.33045030852281,6.502213117885442,79.33904035811854,42.59176880846616,29.43930006579044,0.9646646424623715,0,1159.6179621407873
5418,236.44715630909346,3521.051917503035,114.86524992889167,9.676487171183403,91.27816828591759,86.82451686867601,32.593327227213635,0.7343955811721792,1,633.6783789083705
7642,100.57372219501733,1527.9341795126384,58.72042297282959,1.8601700289634104,97.47447867559102,45.3475954920264,33.41981527705267,2.462187123108276,0,269.53757548264645
4391,84.03366372554726,1747.1852629481473,46.75103583159896,1.2029429937707778,103.92096258568561,78.00744991892338,39.1957027793079,3.304163153011806,1,225.21021878446666
5357,309.6788203515662,1611.4991416551632,60.737226701758914,1.501746386232952,100.38545559159635,29.679981400965314,45.78995741102691,4.282490105380688,0,829.9392385421974
5879,339.1825708449192,198.225397709567,41.51421124091708,1.4716511781507893,89.69889144586217,33.496131424299655,48.312294494442,3.5719019703190913,1,909.0092898643835
6319,432.4291720686608,2954.587655152575,42.871420095114594,9.17034271999664,83.26565534979207,45.263651560660094,43.75231032134097,1.437623550836858,1,1158.9101811440112
3739,181.63175915346397,3524.284985185561,113.18862447366077,7.491321171404422,78.41154216018415,67.50990141342892,46.073759754420244,2.5779666487832555,0,486.77311453128345
5784,125.36172074751912,4283.943368273497,68.16132660015026,7.093957295766504,104.69226931361331,71.64091883829595,36.7523989612879,4.596558558388949,1,335.96941160335126
1877,220.55262493018975,786.8106235753787,72.86472008077445,5.703155382356286,102.26993371562425,51.70849375739799,34.744382990557185,1.9703347811481704,1,591.0810348129086
3870,209.10880563452378,2766.497429986329,41.46973236304835,8.037573552749368,104.36862328789033,26.227132248841123,34.81771330360542,2.744286642913692,0,560.4115991005237
1292,109.61102930803463,139.239889301536,61.64174241374773,2.4008319348543172,88.62637264013975,49.89077216741794,40.40096320849893,4.8135440058966354,0,293.75755854553285
9728,352.5271936309185,565.9588737825745,104.37807869931449,4.527470708095937,83.12039112853725,75.10140127673212,28.105917638895225,3.8061860250816393,0,944.7728789308616
3686,278.91137332821916,365.637546609366,89.23927677333754,5.4100382568790915,107.98606643404626,73.67963689042527,39.48735456975653,3.864831735387614,1,747.4824805196274
1233,374.5052402516448,3654.842366675886,100.30244808691322,1.9936854790905363,108.6823697527667,32.81571305643542,41.62832150459314,1.6355030198595242,1,1003.6740438744082
3374,208.71100407638062,497.19186300025547,75.7770992635028,4.775623384037653,92.78081869834203,20.622717621517374,35.97271850515597,2.3661415323730766,0,559.3454909247001
3272,196.56599520996602,3610.619609638071,64.7783377401064,3.848516013363583,100.59520423836621,80.23852938368934,48.829179419279185,0.8705397339352476,0,526.796867162709
1966,262.659133869735,1323.1610516118585,78.62480746626963,1.3202393121411637,88.67598321158707,28.509453310819495,40.20533180948938,3.2293664017274017,1,703.9264787708898
1889,444.83330542781613,4400.793507415004,65.84568547246009,2.230618624563117,105.09736000599034,26.58793151714284,30.49998680591563,0.9667857404412238,1,1192.1532585465472
4863,68.12658803029115,4084.4349429826893,107.11768773392544,7.876331408507246,111.78607983239357,20.21609734673308,36.98040643583791,4.261593119926797,0,182.57925592118028
7154,412.17476778341245,4793.368065628855,63.81389724742766,1.1623411855418002,104.41166386678248,54.60810607655418,41.885110928382346,4.165492041589985,0,1104.6283776595453
4400,216.0444256959904,4430.433875744357,92.78109123624671,9.40827969186725,95.62913134235683,60.26111207206515,33.090728114511975,2.9012229550503927,1,578.9990608652544
9226,434.578561604815,4673.314153670101,50.95857778476223,1.7778216920251366,92.93289797461851,71.01312369188724,26.99104015722558,1.1352471493866336,1,1164.6705451009043
5542,410.99135397613543,4307.837742915208,94.94931949879279,8.193142847831123,102.11598254878722,43.68510725700687,39.58589086777212,0.6151054243782568,0,1101.456828656043
4523,206.94256132823978,3497.5713130127915,113.0639769280027,9.087548868491236,103.99054458006651,76.8339773109424,48.696754215492,4.085189003941576,1,554.6060643596826
2763,362.2444408947272,934.2698454146363,88.68665237119266,9.470220263654024,97.93647217622694,33.546548592555325,37.126799639079344,3.200632174460421,0,970.8151015978689
4291,121.83474054804806,1431.3668423850554,84.78843040275818,8.807293211463753,101.24711375536975,86.55920424882778,47.652727016175945,3.699183365365475,0,326.5171046687688
3488,453.3266984737046,1142.3621340383381,116.88946144173121,3.587950354828989,74.82943412472662,65.74786631123564,45.87558970929235,1.867132065813654,1,1214.9155519095284
2558,232.02097900335923,3057.5703595252076,90.19172442526771,3.997784182046293,117.58827580711633,66.71118586976388,28.685319590849584,2.792672320297615,1,621.8162237290028
5690,255.0315269098401,2567.737696070647,60.76403466184661,4.838911287490683,109.53865318660169,36.782033102328654,42.70424804588927,3.8622837674284267,0,683.4844921183715
7121,367.5915729666432,4348.6919860762755,63.391281907819234,2.2536702046639077,88.69639348533919,25.92869994403106,35.88663812679946,2.581534887412098,0,985.1454155506038
3276,419.3781065171829,4768.097045845471,96.42453140287418,1.2004520956050149,98.1406305476815,57.17798424645372,31.25615813157342,3.206229002459289,1,1123.9333254660503
5439,156.35423449769434,2083.813459128907,98.8349275113749,8.822094528529313,72.36622650682106,69.24895615378873,42.17345889166758,4.05377717813583,0,419.02934845382083
2103,347.60756294464795,2581.1177110759804,64.27969854312121,5.987158445894107,72.06139069995302,27.603716692934846,43.56651796641053,1.4684929036987049,1,931.5882686916566
8520,226.39911975011682,4860.430148340282,67.62751823410642,6.478506479603947,82.53991675559814,96.04275796225333,29.497407968370972,0.7966800021086704,0,606.7496409303131
6409,215.9163158017826,1453.5708139534033,119.28452069912696,9.342896273360157,104.48508211823116,98.43314881862455,47.86111705140521,2.8932057986486233,0,578.6557263487774
8869,360.5116207732946,3982.7147992581868,48.1562039664222,6.986081603022541,112.60738739000058,63.636535631399354,43.77868109878602,0.7795659682404308,1,966.1711436724296
3956,224.23247337017045,1203.6755214427067,72.37160227520795,7.21768153905832,97.95929399899242,96.00553242187249,48.33438747854922,3.9495078246503894,1,600.9430286320569
8710,205.74882507398343,3439.1545655838327,44.995802495800596,8.08271783593068,96.60663697911762,34.355619006468245,32.92683046909227,3.7364515143520487,1,551.4068511982756
7017,426.1497836568091,1342.7165754289645,105.68626895985928,2.047136048716634,90.1154766895733,22.03365481436199,48.483375393574676,4.467707021593837,1,1142.0814202002484
4384,95.57425572395286,4430.293605273796,47.38766711563458,4.241459378924124,78.07989779790105,23.152762823231193,34.21294144595952,3.3780294411528224,0,256.1390053401937
1028,354.1516802735948,2851.2419243097165,93.9205885170169,9.713871349330297,75.91770506632938,67.00099835414233,26.349244035684794,0.8023890683856819,1,949.1265031332342
9897,161.92642720578107,1011.0748402844844,44.518673920278566,9.30637070290546,108.0339880610483,24.931350674945882,44.07423471772559,1.6391845647032783,1,433.96282491149327
8756,56.97420882178564,1199.4089609225814,93.8284030247753,8.956677666791663,116.37517756482879,96.68364854592697,42.58770360220852,4.135693300532237,0,152.6908796423855
7948,125.0439209927114,2519.8610589696914,107.44295575421626,5.068796593050752,92.91416081931365,31.354656860751888,39.94777480658331,1.2520958779111449,1,335.1177082604666
6755,322.9976883991405,4811.849925316907,71.90572215392459,8.714736582281251,102.97228293578192,44.37782448423829,37.24734360960435,3.643162105166993,0,865.6338049096966
4602,369.1072361686718,3871.246603029907,81.77011947457416,1.4355629375118903,115.72288254404705,85.80142415986788,25.804131758065786,4.011166989142151,0,989.2073929320405
6062,59.47600260034402,2492.717249846641,72.1233390404226,2.336656818314057,74.50568164670723,37.49922584832745,40.61493128800386,1.985503090348585,1,159.39568696892198
9071,66.39144948577407,1754.8238083548638,64.03910069061112,4.725709286356487,108.5240726559515,39.43747667636565,35.42086538056984,1.9503386303130883,0,177.92908462187452
8244,456.1439516793289,2791.4156174073687,104.26107205017026,5.350528600139138,100.84084421877876,71.38471646328145,39.005235068523625,3.010112065441161,0,1222.4657905006015
7372,82.98761815117393,3766.9680838002364,61.76020589847917,3.371564381687712,99.93185894149306,42.086887079140986,35.73303354919091,4.375788497396437,1,222.40681664514617
8105,452.38197137745703,3941.25008341872,97.83547395115576,4.208290037630087,84.62702142407849,37.395810720616026,49.151403319129976,1.5075779086106624,1,1212.383683291585
4581,152.6746611879076,1690.5831106750288,56.49576634041618,2.4649849092283187,104.19466773888385,40.3342171444526,40.10272252877118,4.735661882190812,1,409.1680919835924
3762,383.00801007119577,3633.680414247998,59.98830368626636,5.402206285443165,109.73988774103883,59.25179994725815,43.73090826506168,3.196034081690487,0,1026.4614669908046
1572,189.37996202570542,3323.165022177312,66.91689300617698,8.144589635810751,75.64290824718486,97.28798981851857,48.40867368677708,4.964569121085242,0,507.53829822889054
8705,436.43841152413273,4799.65023078184,87.13251019150306,6.952243542951751,96.6760715490492,86.57903532489827,39.78998307291849,0.9032617579789519,0,1169.6549428846758
1614,365.20468944096103,4662.342423489273,76.35378553276328,1.9701302262898714,75.06325904937049,42.76882116481417,25.30156294556002,1.0695296142804158,0,978.7485677017756
5050,230.81605637076282,3967.9586954575275,99.61158478622563,5.388234430570445,113.62870096488223,49.06985667984782,25.857291957763557,4.219888116710672,0,618.5870310736444
1325,84.33610437833579,3644.6339753891493,57.08538402689538,7.278817445017524,95.38183613281737,57.160980040326194,42.558460852546546,4.391401530217322,1,226.02075973393994
4740,379.71508274186317,1442.8037895509515,40.85378302790673,5.769057668985471,110.39828446303787,98.31437176135923,31.97712840378209,2.5045640976692027,1,1017.6364217481934
1358,327.5981401843317,4245.229754882814,102.1245977428176,4.525080368819941,88.40428188331072,33.791237466857254,39.48449318369872,3.7133202926405073,0,877.9630156940091
4777,51.310273025204935,2194.777948195494,105.7319467104058,6.597229791554904,76.25391134081627,48.59864827935063,30.056929527266725,4.404007793504923,1,137.51153170754924
6906,54.2389351876004,1433.978658279619,44.758413048671166,9.717747987702479,72.07496521928557,78.3540875186172,31.756221876542853,0.694075046984729,0,145.36034630276907
2721,413.95683793671225,1982.3877139719661,88.87260177267171,1.854171187894702,84.07548103861878,97.11549874151547,37.616026398701884,3.0827769034696635,0,1109.404325670389
2349,166.72988246083423,4196.083901080889,70.25654270984623,4.510144546728046,82.21168501820392,32.454017021139016,49.38923658390205,4.3406629993692025,1,446.8360849950358
4696,336.26015047762957,828.3027563316365,103.51165241556134,4.659452677414861,98.0175987009981,38.19039633554766,40.40676223022979,2.291697250631487,0,901.1772032800473
4896,254.39648889436137,2335.17783148713,109.95316433571828,6.192705794215339,71.08694190318536,38.05557395123442,48.40370261282558,1.8607262275059209,0,681.7825902368885
5260,438.54350653479526,2512.5522131944995,108.08030134377992,2.3695714169372613,96.02852721495867,21.67456235936588,48.984496359673685,4.080680082926769,1,1175.2965975132513
7941,462.6325008961199,279.4855182342151,102.17633978806816,2.589787268834226,89.58858710060017,68.32924999847596,30.202749910512686,2.0110396257627627,0,1239.8551024016015
4808,498.5634707054843,1059.15554478601,61.524178299373034,3.568252473980692,98.85611349572211,73.6562459316715,32.77984006172361,0.5142843418302645,0,1336.150101490698
6246,119.15786111326108,4151.037900021696,104.95117148546534,9.602830389416676,105.12087640751824,68.20207121002028,44.24980703046761,4.818076644330795,0,319.3430677835397
9384,438.33382091396396,4170.760204114327,82.67827807250342,7.606977231078123,101.70459725399195,25.705839153025146,46.6691000572836,3.1645545635795833,0,1174.7346400494234
4845,169.7096195279608,1532.833911032815,44.22052918656726,6.955239715223529,119.23221846866832,25.538410059650538,37.98066860473819,4.18783063419532,1,454.82178033493494
3577,315.86714370297847,4386.996449529838,76.55510799185991,8.35261918654836,76.91326719384355,36.830924359529924,49.83065168201373,4.213857030542215,1,846.5239451239823
1091,277.5977752411449,3881.7364014349046,115.37263336239947,2.1481882202502365,91.48685044648893,43.22356125591317,25.28930496888176,0.7988468916772977,0,743.9620376462684
5234,58.094659207574445,2147.746670597506,111.02874797884422,8.733995377513764,91.24153683216556,82.92349247280379,32.48981638963039,1.2688708972390916,0,155.69368667629954
9672,469.74707595774265,3767.191087584685,48.181142479769285,6.353494424987536,90.85266018514604,32.75122125991369,40.5790438436145,1.9000430634184133,1,1258.9221635667504
7592,85.2471748171483,4810.539692854551,99.53013485714962,4.017961067130419,103.18991960213341,23.52737731180257,36.732247773437074,1.9431467826859528,0,228.46242850995748
9128,359.69851373348115,2348.951618520209,104.46342927665879,8.342697301711214,94.49140302733612,51.51900061704441,27.915074160720017,3.464537529564108,0,963.9920168057296
2075,403.2530762937179,1268.2931768720698,61.711055058941184,8.223080809137617,95.87162799064815,53.31137361135362,34.19467713701409,3.3040981433870815,0,1080.7182444671641
3513,407.8795320714579,4714.900850245764,77.72868565928738,8.611377235450544,91.61779960733824,56.07258705511634,25.636178582375976,2.7256540010441617,0,1093.1171459515072
9168,110.97253351798015,3058.3470139599567,96.87903531709463,2.0396611009628396,119.58497305092813,86.15228352215749,41.06865115188199,1.4506867953894558,1,297.40638982818683
7861,251.40647772858745,615.7992961540839,75.12331910569183,9.724251204961984,116.37806744095211,27.840433189675338,47.31856357490888,2.2189256136063653,1,673.7693603126144
9990,423.2429916952909,2906.145797697778,49.023753509326156,9.63663538410758,85.38620946821855,76.31536659375698,47.12185309458647,2.946172858093263,0,1134.2912177433798
1604,186.2056446704396,2552.8463582966638,96.47059557453773,4.217226809515674,75.57969623833336,47.03564568362326,42.48861184413866,2.605934147467739,1,499.03112771677814
3979,260.4869039185986,4292.385580970261,112.93109517882428,1.5930461639072768,111.98823620193014,44.798410914837596,36.644254887448184,1.0728163989278527,1,698.1049025018443
8140,172.7572517149306,2700.4064298412545,92.1987782724926,2.5035010252190713,119.85851257128623,94.6034500868784,37.80079046728724,3.422797220758657,0,462.989434596014
8065,258.59813804839587,1350.6389282869889,101.90405988552271,9.935477429002272,84.63044470198227,39.87748195333936,28.422970599891574,0.8287329956479725,0,693.043009969701
5916,449.52706516679604,3410.655912937954,68.66900285262628,6.0671164885449675,87.88924629208832,71.40254682714931,33.525427327980076,2.2018760738648613,0,1204.7325346470134
7800,254.80590396474625,2758.6197174243425,54.65585961013079,4.2095961894344684,117.08165907426014,42.010220590087364,29.69320188745684,3.695132064538531,0,682.87982262552
1597,300.1604076834442,1241.918678507675,91.42189292946341,3.5938242446503494,105.5564759001545,60.571510611230806,45.53000508374886,0.5901059053386792,0,804.4298925916305
8320,231.7893274863876,2910.776503920248,66.2216964672975,3.312925617798528,84.7819165889818,82.90343140770223,47.86884753344899,3.0649226857039227,1,621.1953976635189
9705,257.05273244149646,4125.524331659462,108.80588151918343,6.977374885490338,99.05232456419576,90.53780188130085,38.423081535502924,2.0053443836448377,0,688.9013229432105
6622,56.82838957088976,239.99749684765115,49.81024399824052,4.774490483677173,117.2114789682128,87.09577922360403,43.1941010128236,0.5397432954023051,0,152.30008404998458
2877,177.6854794822052,3191.1700893610473,74.6770959786499,9.688696294317504,110.59065534728893,66.57445889157118,28.036619272678188,1.3567247197743733,0,476.19708501230997
2699,246.461774783821,1812.967459343521,71.73820803747087,7.154587275808253,107.09163568643298,39.90530522705777,40.21336608193096,4.734257869717945,1,660.5175564206403
6780,335.208639196728,1534.0900842211784,115.04430828431437,8.128401319440652,106.84981558635113,72.89867066094926,42.56977553444615,2.845170074772907,1,898.3591530472311
1716,252.52336874925146,2023.6799767694451,52.25078404835231,3.634673937248439,78.90101621461352,76.79240366236864,36.31920323778502,4.987522420831093,1,676.7626282479939
5086,202.01766949470382,1775.9110548151102,40.78774600096088,1.7126776819776326,111.23406196139683,20.855359209080113,31.081827111767467,2.8616753766413354,0,541.4073542458062
1665,224.64443090487072,4177.971622871364,59.04681702456941,5.390405536436929,83.8059316221729,55.13684087454997,46.934363013534785,2.947713855306207,0,602.0470748250535
8846,159.03199814020994,1446.5092727627127,105.62214878149236,3.8312339189160456,116.51833289507647,87.46096342574114,43.57271799884306,2.2632935581978355,0,426.20575501576263
7611,466.0224272483238,3692.4498132222684,56.745745283761366,2.818748485071313,88.23199955068915,59.167007699443786,47.49643204622987,1.8951818842913644,1,1248.9401050255078
2079,284.78445160591156,560.8931191200847,59.270245096438614,9.573779177207753,112.88301985211282,44.91003537306569,45.46006618744559,1.6319549890982517,0,763.222330303843
9419,56.034254242455404,4761.8422251736365,50.391904362944864,4.995893929078273,83.31167472589007,89.74382168197302,49.75936073947156,2.0453927725880323,1,150.1718013697805
9340,58.750816288795974,3149.351522517904,97.23489626212324,2.572377328439071,95.72634682911203,32.47045580238446,29.804318330361223,2.5693298640519444,1,157.45218765397323
2069,487.8327357284187,3562.9210275183445,45.53393524043337,2.787855874130252,75.34426477445302,36.51561859329603,27.168694195099352,1.3639637760385552,1,1307.3917317521623
6263,149.65290111796025,1560.3927272628098,66.49666418628172,3.5263876821813462,103.0059451498087,74.98978935489066,33.42506978343146,1.5119379131256314,0,401.0697749961335
8951,412.5237299664416,2119.2731866697613,62.599898129677165,9.993846413707415,111.80396375834192,48.194875322125995,28.225104375581473,1.721951459007976,1,1105.5635963100635
2363,76.22388570225851,1196.5140927277835,84.41277838321238,3.412103504676376,105.9223640651208,77.04134685870231,38.07825282265561,2.521669513688776,0,204.28001368205284
5508,464.52323151254706,4669.426820430897,98.43330120157884,3.9592162412060827,96.16292564693286,32.61628970075935,40.825722635193564,3.437660150664094,1,1244.9222604536262
2755,443.48765165000526,2491.711790796751,82.6301147757398,6.933953151856013,72.25579393007297,40.181527168067674,39.457215379335096,4.352657676288293,0,1188.5469064220142
1519,306.9919230955316,3189.195766724151,114.48207943800541,3.6456523876926847,116.67205035854292,32.53179026909068,31.481003384756754,1.7920932673421448,0,822.7383538960247
6463,54.0493957774651,3697.9329496005057,116.11541111098656,2.9422382595372403,105.27447742893173,96.23282508508078,47.72060077421992,1.326777531536468,1,144.85238068360647
8233,166.01489331050192,1918.4198463877408,68.91722627988123,2.427734679846388,107.29321191826665,52.432316868073926,25.529309093384462,2.2048135918274974,0,444.91991407214516
2102,233.07019132930924,3628.498107241792,102.21443010199141,3.8141439852501295,109.73402877554037,46.97759279281808,33.700333844087325,4.524723843673351,0,624.6281127625488
1597,257.0288525364028,3412.363199806067,99.10411066145517,1.9532412066589617,107.38717129638053,21.136172493661178,42.97481188495152,0.5443732775171276,0,688.8373247975595
4273,183.9554413530674,3557.730735982338,111.43716733638618,1.167819277733046,92.05580820491669,32.27340635287099,44.17322315872899,3.5504087722598543,0,493.0005828262207
6781,64.82654071048849,2497.2265110026033,75.83549121661626,8.241775276012095,106.68109146439734,53.69086849939996,35.4029636107965,2.647220208852117,0,173.73512910410915
7256,315.557332666944,1976.3931732289238,82.43785497582337,2.2410544817311893,101.25133939051645,25.480223405751524,25.42274533140918,1.2247079673230603,1,845.6936515474099
8258,285.86960046264016,1188.2027222240501,73.26194508652591,7.9837916483371805,112.70081668343933,60.859146360497355,40.45109197809343,1.9445968682351,1,766.1305292398757
9780,177.35028594308497,4140.669128724376,108.03015354397645,8.177882310879937,110.12299076686853,56.401235077155825,26.577367029580394,1.5122751974466524,1,475.2987663274678
7554,67.08918540632294,3080.9152280052253,58.37618522897075,5.841275736963188,72.068719123363,81.37345122754816,27.696394403837864,4.45024475550555,0,179.7990168889455
